1.0000,
-.7,
1.0000,
1.0000,
1.0000,
-.8000,
1.0000,
1.0000,
.5,
1.0000,
1.0000,
1.0000,
1.0000,
1.0000,
.2000,
.7000,
1.0000,
1.0000,
1.0000,
1.0000,
1.0000,
1.0000,
1.0000,
.345000,
1.0000,
1.0000,
-1.000,
1.0000,
1.0000,
1.0000,
1.0000,
1.0000,
1.0000,
1.0000,
1.0000,
1.0000,
1.0000,
1.0000,
1.0000,
1.0000,
1.0000,
1.0000,
1.0000,
1.0000,
1.0000,
1.0000,
1.0000,
1.0000,
1.0000,
1.0000,
1.0000,
1.0000,
1.0000,
1.0000,
1.0000,
1.0000,
1.0000,
1.0000,
1.0000,
1.0000,
1.0000,
1.0000,
1.0000,
1.0000,
1.0000,
1.0000,
1.0000,
1.0000,
1.0000,
1.0000,
1.0000,
1.0000,
1.0000,
1.0000,
1.0000,
1.0000,
1.0000,
1.0000,
1.0000,
1.0000,
1.0000,
1.0000,
1.0000,
1.0000,
1.0000,
1.0000,
1.0000,
1.0000,
1.0000,
1.0000,
1.0000,
1.0000,
1.0000,
1.0000,
1.0000,
1.0000,
1.0000,
1.0000,
1.0000,
1.0000,
1.0000,
1.0000,
1.0000,
1.0000,
1.0000,
1.0000,
1.0000,
1.0000,
1.0000,
1.0000,
1.0000,
1.0000,
1.0000,
1.0000,
1.0000,
1.0000,
1.0000,
1.0000,
1.0000,
1.0000,
1.0000,
1.0000,
1.0000,
1.0000,
1.0000,
1.0000,
1.0000,
1.0000,
1.0000,
1.0000,
1.0000,
1.0000,
1.0000,
1.0000,
1.0000,
1.0000,
1.0000,
1.0000,
1.0000,
1.0000,
1.0000,
1.0000,
1.0000,
1.0000,
1.0000,
1.0000,
1.0000,
1.0000,
1.0000,
1.0000,
1.0000,
1.0000,
1.0000,
1.0000,
1.0000,
1.0000,
1.0000,
1.0000,
1.0000,
1.0000,
1.0000,
1.0000,
1.0000,
1.0000,
1.0000,
1.0000,
1.0000,
1.0000,